{
  "manifest": {
    "publishingInformation": {
      "locales": {
        "en-US": {
          "summary": "A vocal warmup skill",
          "examplePhrases": [
            "Alexa, open vocal warmup",
            "Alexa, play vocal warmup",
            "Alexa, ask vocal warmup to play"
          ],
          "keywords": [
            "audio streaming",
            "music",
            "live music"
          ],
          "name": "vocal warmup",
          "smallIconUri": "https://s3.amazonaws.com/vocalbucket/vocalsm.png",
          "description": "A vocal warmup skill.",
          "largeIconUri": "https://s3.amazonaws.com/vocalbucket/vocallg.png"
        }
      },
      "isAvailableWorldwide": true,
      "testingInstructions": "No special instructions",
      "category": "STREAMING_SERVICE",
      "distributionCountries": []
    },
    "apis": {
      "custom": {
        "endpoint": {
          "sourceDir": "./lambda/us-east-1_ask-custom-audio-stream-starter-default"
        },
        "interfaces": [
          {
            "type": "AUDIO_PLAYER"
          }
        ]
      }
    },
    "manifestVersion": "1.0",
    "permissions": [],
    "privacyAndCompliance": {
      "allowsPurchases": false,
      "isExportCompliant": true,
      "containsAds": false,
      "isChildDirected": false,
      "usesPersonalInfo": false
    }
  }
}
