{
  "interactionModel": {
    "languageModel": {
      "invocationName": "vocal warmup",
      "intents": [
        {
          "name": "PlayStream",
          "samples": [
            "play",
            "start",
            "play stream"
          ]
        },
        {
          "name": "AMAZON.PauseIntent"
        },
        {
          "name": "AMAZON.ResumeIntent"
        },
        {
          "name": "AMAZON.HelpIntent",
          "samples": [
            "help me",
            "how does this work",
            "what should i do"
          ]
        },
        {
          "name": "AMAZON.StopIntent"
        },
        {
          "name": "AMAZON.CancelIntent"
        },
        {
          "name": "AMAZON.StartOverIntent"
        },
        {
          "name": "AMAZON.NavigateHomeIntent",
          "samples": []
        }
      ]
    }
  }
}
